id_location,geometry,municipio
62328,Curva Derecha,Monguí
62330,Curva Izquierda,Sogamoso
62336,Recta,Monguí
62726,Curva Izquierda,Moniquirá
62727,Curva Derecha,Sogamoso
63538,Recta,Paz de Río
63539,Recta,Chita
63540,Recta,Ráquira
66749,Curva Izquierda,Nobsa
66750,Curva Derecha,Tenza
66751,Curva Izquierda,Nobsa
66752,Curva Izquierda,Sutamarchán
66753,Curva Derecha,Duitama
66754,Curva Izquierda,Chita
66755,Curva Derecha,Soatá
66756,Curva Derecha,Paz de Río
66757,Curva Derecha,Garagoa
66759,Curva Derecha,Tibasosa
66760,Curva Izquierda,Puerto Boyacá
66761,Curva Izquierda,Chita
67946,Curva Derecha,El Cocuy
67949,Curva Izquierda,Miraflores
67950,Curva Derecha,Sutamarchán
68342,Curva Izquierda,Sutamarchán
68343,Recta,Garagoa
68345,Curva Izquierda,Sogamoso
68353,Recta,Puerto Boyacá
68356,Curva Izquierda,Garagoa
68358,Curva Derecha,Guateque
70772,Recta,Garagoa
71569,Curva Derecha,Zetaquira
71570,Curva Izquierda,Sogamoso
71571,Recta,Sogamoso
74373,Curva Izquierda,Paipa
74374,Recta,Zetaquira
74375,Recta,Nobsa
74376,Recta,Duitama
74377,Recta,Ráquira
75584,Curva Izquierda,Miraflores
75586,Recta,Moniquirá
75589,Curva Derecha,Nobsa
75979,Recta,Chiquinquirá
75980,Curva Derecha,Miraflores
75982,Curva Derecha,Zetaquira
75984,Curva Derecha,Ráquira
75986,Curva Derecha,Sogamoso
75987,Curva Izquierda,Duitama
75988,Curva Derecha,Villa de Leyva
75989,Curva Izquierda,Sogamoso
75990,Curva Derecha,Moniquirá
76391,Recta,Soatá
76398,Curva Derecha,Paz de Río
76793,Recta,Nobsa
77588,Curva Izquierda,Paz de Río
77589,Curva Derecha,Guateque
77590,Recta,Chiquinquirá
77591,Curva Derecha,Tunja
77592,Curva Izquierda,El Cocuy
83998,Curva Izquierda,Tibasosa
83999,Recta,Villa de Leyva
93601,Curva Izquierda,Tenza
93602,Curva Izquierda,Saboyá
93603,Recta,Villa de Leyva
93604,Recta,Puerto Boyacá
94003,Recta,Tibasosa
94005,Curva Izquierda,Tibasosa
94007,Recta,Ráquira
94008,Curva Derecha,Garagoa
95973,Curva Izquierda,Duitama
95974,Curva Izquierda,Tibasosa
95975,Recta,Monguí
95976,Curva Izquierda,Nobsa
95977,Recta,Sutamarchán
95978,Recta,Duitama
95979,Recta,Soatá
95980,Curva Izquierda,Monguí
95981,Curva Izquierda,Monguí
95982,Curva Derecha,Soatá
95983,Curva Derecha,Nobsa
95984,Recta,Sutamarchán
95985,Curva Derecha,Duitama
95986,Curva Izquierda,Moniquirá
95987,Curva Derecha,Garagoa
95988,Curva Derecha,Guateque
95989,Curva Izquierda,Tunja
95990,Curva Izquierda,Ráquira
95991,Curva Izquierda,Puerto Boyacá
95992,Curva Derecha,Soatá
95993,Curva Derecha,Tibasosa
95999,Curva Izquierda,Duitama
96000,Curva Izquierda,Chita
96001,Curva Izquierda,Monguí
96002,Curva Izquierda,Soatá
96007,Recta,Villa de Leyva
96008,Curva Izquierda,Sogamoso
96015,Recta,Chiquinquirá
96016,Curva Izquierda,Tibasosa
96024,Curva Derecha,Miraflores
96025,Curva Izquierda,Moniquirá
96031,Curva Izquierda,Sutamarchán
96044,Curva Izquierda,Chita
96053,Curva Izquierda,Guateque
96054,Recta,El Cocuy
96055,Curva Izquierda,Nobsa
96234,Curva Izquierda,El Cocuy
96235,Curva Izquierda,Miraflores
96238,Curva Izquierda,Tenza
96241,Curva Derecha,Chiquinquirá
96242,Recta,Duitama
96243,Curva Izquierda,Tenza
96244,Curva Derecha,Nobsa
96245,Curva Izquierda,Ráquira
96246,Curva Izquierda,Tunja
96247,Curva Derecha,Sogamoso
96248,Curva Derecha,Soatá
96249,Curva Derecha,El Cocuy
96250,Curva Izquierda,Duitama
96251,Curva Derecha,Paipa
96252,Curva Izquierda,Villa de Leyva
96253,Curva Derecha,Soatá
96254,Curva Izquierda,Duitama
96255,Curva Izquierda,Chita
96264,Recta,Miraflores
96265,Recta,Tibasosa
96266,Recta,Garagoa
96267,Recta,Chiquinquirá
96268,Recta,Sutamarchán
96269,Recta,Nobsa
96270,Recta,Tibasosa
96271,Curva Derecha,Saboyá
96272,Curva Derecha,Puerto Boyacá
96273,Curva Derecha,Miraflores
96274,Curva Derecha,Duitama
96275,Recta,Tibasosa
96276,Curva Derecha,Ráquira
96277,Recta,Villa de Leyva
96278,Recta,Garagoa
96279,Curva Izquierda,Paz de Río
96280,Recta,Tibasosa
96281,Recta,Garagoa
96282,Curva Izquierda,Garagoa
96283,Recta,Sogamoso
96284,Recta,Paipa
96285,Curva Izquierda,Ráquira
96286,Curva Izquierda,Puerto Boyacá
96287,Curva Izquierda,Puerto Boyacá
96288,Recta,Tenza
96289,Recta,Chita
96290,Recta,Nobsa
96291,Recta,Garagoa
96292,Curva Derecha,Saboyá
96293,Recta,Chita
96294,Curva Izquierda,Paipa
96295,Recta,Puerto Boyacá
96296,Recta,Sutamarchán
96297,Recta,Duitama
96298,Recta,Zetaquira
96299,Recta,Moniquirá
96300,Recta,Chiquinquirá
96301,Curva Izquierda,Chiquinquirá
96302,Curva Izquierda,Sogamoso
96303,Recta,Chita
96304,Recta,Garagoa
96305,Recta,Sutamarchán
96306,Recta,Sogamoso
96307,Recta,Miraflores
96308,Recta,Soatá
96309,Recta,Zetaquira
96310,Curva Derecha,Soatá
96311,Recta,Tunja
96312,Recta,Chita
96313,Curva Izquierda,Garagoa
96314,Recta,Villa de Leyva
96315,Recta,Guateque
96316,Curva Izquierda,Duitama
96317,Recta,Paipa
96318,Recta,Tibasosa
96319,Recta,Moniquirá
96320,Recta,Tibasosa
96321,Recta,Paipa
96322,Recta,Tunja
96323,Curva Izquierda,Duitama
96324,Recta,Villa de Leyva
96325,Curva Izquierda,Soatá
96326,Curva Derecha,Soatá
96327,Recta,Zetaquira
96328,Recta,Garagoa
96445,Curva Derecha,Sogamoso
96446,Curva Izquierda,Monguí
96447,Recta,Moniquirá
96448,Curva Derecha,Chiquinquirá
96449,Curva Izquierda,Tunja
96450,Curva Izquierda,Zetaquira
96451,Curva Izquierda,Paz de Río
96699,Curva Izquierda,Moniquirá
96700,Curva Derecha,Duitama
96701,Curva Izquierda,Miraflores
96702,Recta,Ráquira
96703,Curva Derecha,Nobsa
96704,Curva Izquierda,Ráquira
96705,Curva Derecha,Paz de Río
96706,Curva Derecha,Saboyá
96707,Curva Derecha,Nobsa
96708,Curva Derecha,Sogamoso
96709,Curva Derecha,Paipa
96710,Curva Izquierda,Duitama
96711,Curva Derecha,Tibasosa
96712,Recta,Monguí
96713,Recta,Guateque
96714,Recta,Villa de Leyva
96715,Recta,Soatá
96716,Recta,Garagoa
96717,Recta,Tibasosa
96718,Curva Izquierda,Soatá
96719,Recta,Garagoa
96720,Recta,Chita
96721,Recta,Villa de Leyva
96722,Recta,Monguí
96723,Recta,Tenza
96724,Recta,Puerto Boyacá
96725,Curva Derecha,El Cocuy
96726,Recta,Nobsa
96727,Curva Derecha,Sogamoso
96728,Recta,Monguí
96729,Curva Izquierda,El Cocuy
96730,Recta,Tunja
96731,Recta,El Cocuy
96732,Recta,Tenza
96733,Recta,Tibasosa
96734,Recta,Chiquinquirá
96735,Recta,El Cocuy
96736,Recta,Saboyá
96737,Recta,Tunja
96738,Recta,Zetaquira
96739,Recta,Ráquira
96740,Recta,Tunja
96741,Curva Derecha,Nobsa
96742,Recta,Garagoa
96743,Curva Derecha,Puerto Boyacá
96744,Curva Izquierda,Paipa
96745,Recta,Villa de Leyva
96746,Curva Derecha,Chita
96747,Recta,Duitama
96748,Recta,Monguí
96749,Curva Izquierda,Ráquira
96750,Recta,Garagoa
96751,Curva Derecha,Sogamoso
96752,Recta,Chita
96753,Recta,Garagoa
96754,Recta,Paz de Río
96755,Recta,Duitama
96756,Recta,Puerto Boyacá
96757,Curva Derecha,Ráquira
96758,Recta,Sogamoso
96759,Curva Derecha,Chiquinquirá
96760,Curva Derecha,Moniquirá
96761,Recta,Moniquirá
96762,Curva Derecha,Chiquinquirá
96763,Curva Izquierda,Nobsa
96764,Curva Izquierda,Nobsa
96765,Recta,Sutamarchán
96766,Recta,Paz de Río
96767,Curva Izquierda,Tunja
96768,Curva Izquierda,Sogamoso
96769,Curva Izquierda,Tenza
96770,Curva Izquierda,Puerto Boyacá
96771,Curva Derecha,Nobsa
96772,Recta,Garagoa
96773,Curva Derecha,Tibasosa
97056,Recta,Garagoa
97057,Recta,Garagoa
97058,Recta,Puerto Boyacá
97059,Curva Derecha,Paz de Río
97060,Recta,Sogamoso
97061,Recta,Ráquira
97064,Curva Derecha,Tibasosa
97065,Recta,Moniquirá
97066,Recta,Guateque
97067,Recta,Moniquirá
97068,Recta,Tibasosa
97069,Curva Derecha,Paipa
97188,Recta,Tunja
97189,Recta,Ráquira
97190,Recta,Saboyá
97191,Recta,Chiquinquirá
97192,Recta,Sutamarchán
97193,Curva Izquierda,Sogamoso
97194,Recta,Chita
97195,Curva Izquierda,Villa de Leyva
97196,Curva Izquierda,Garagoa
97197,Recta,Sutamarchán
97198,Recta,Sogamoso
97199,Recta,Tibasosa
97200,Recta,Tunja
97201,Curva Derecha,Zetaquira
97202,Recta,Tibasosa
97203,Curva Izquierda,Zetaquira
97204,Curva Izquierda,Garagoa
97205,Curva Izquierda,Tenza
97206,Curva Derecha,Soatá
97207,Curva Izquierda,Duitama
97208,Curva Derecha,Paz de Río
97209,Curva Izquierda,Garagoa
97210,Curva Derecha,Sutamarchán
97211,Curva Izquierda,Moniquirá
97212,Curva Derecha,Duitama
97213,Curva Derecha,Garagoa
97214,Curva Izquierda,Puerto Boyacá
97215,Curva Derecha,Chita
97216,Curva Izquierda,Zetaquira
97217,Curva Derecha,Monguí
97218,Curva Derecha,Tunja
97219,Recta,El Cocuy
97220,Recta,Villa de Leyva
97221,Recta,Guateque
97222,Curva Derecha,Ráquira
97223,Curva Derecha,Tenza
97224,Curva Izquierda,Duitama
97225,Curva Derecha,Villa de Leyva
97226,Curva Izquierda,El Cocuy
97227,Recta,Guateque
97228,Curva Izquierda,Monguí
97229,Curva Izquierda,Tunja
97230,Curva Derecha,Sogamoso
97231,Curva Derecha,Soatá
97232,Recta,Paz de Río
97233,Curva Izquierda,El Cocuy
97234,Curva Izquierda,Paz de Río
97235,Curva Izquierda,Sogamoso
97236,Recta,Duitama
97237,Recta,Soatá
97238,Recta,Tibasosa
97239,Curva Izquierda,Puerto Boyacá
97240,Curva Izquierda,Monguí
97241,Recta,Garagoa
97242,Recta,Tibasosa
97243,Curva Derecha,Tibasosa
97244,Curva Izquierda,Tenza
97245,Recta,Villa de Leyva
97246,Curva Izquierda,Villa de Leyva
97247,Curva Derecha,Nobsa
97248,Curva Izquierda,Chita
97249,Curva Derecha,Puerto Boyacá
97250,Curva Derecha,Tenza
97251,Curva Derecha,Villa de Leyva
97252,Recta,Saboyá
97253,Curva Derecha,Paz de Río
97254,Curva Izquierda,Ráquira
97255,Recta,Tibasosa
97256,Recta,Duitama
97257,Curva Izquierda,Garagoa
97258,Curva Izquierda,Chita
97259,Recta,Nobsa
97260,Curva Izquierda,Nobsa
97261,Recta,Tunja
97262,Curva Derecha,Sogamoso
97263,Curva Izquierda,El Cocuy
97264,Curva Izquierda,Garagoa
97265,Curva Derecha,Paz de Río
97266,Curva Derecha,Saboyá
97267,Curva Izquierda,Paipa
97268,Curva Derecha,Zetaquira
97269,Curva Izquierda,El Cocuy
97270,Curva Izquierda,Monguí
97271,Recta,Sutamarchán
97272,Recta,Paipa
97273,Curva Izquierda,Soatá
97274,Curva Izquierda,Miraflores
97275,Curva Izquierda,Miraflores
97276,Recta,Paz de Río
97277,Recta,Tenza
97278,Curva Izquierda,Guateque
97279,Recta,El Cocuy
97280,Curva Derecha,Nobsa
97281,Curva Izquierda,Sogamoso
97282,Curva Derecha,Puerto Boyacá
97283,Curva Derecha,Ráquira
97284,Curva Derecha,Saboyá
97285,Curva Izquierda,Zetaquira
97286,Curva Izquierda,Ráquira
97287,Curva Derecha,Paipa
97288,Curva Derecha,Ráquira
97289,Curva Izquierda,Puerto Boyacá
97290,Curva Izquierda,Villa de Leyva
97291,Curva Izquierda,Soatá
97292,Recta,Ráquira
97293,Curva Izquierda,Garagoa
97294,Curva Derecha,Sutamarchán
97295,Curva Derecha,Villa de Leyva
97296,Curva Derecha,Miraflores
97297,Curva Derecha,El Cocuy
97298,Curva Derecha,El Cocuy
97299,Recta,Paipa
97300,Curva Derecha,Guateque
97301,Curva Izquierda,Tenza
97302,Curva Derecha,Paz de Río
97303,Curva Izquierda,Paipa
97304,Curva Izquierda,Duitama
97305,Curva Derecha,Moniquirá
97306,Curva Izquierda,Tunja
97307,Curva Derecha,Soatá
97308,Curva Izquierda,Duitama
97309,Curva Izquierda,Chiquinquirá
97310,Curva Izquierda,Saboyá
97311,Curva Derecha,Sutamarchán
97312,Curva Derecha,Tunja
97313,Curva Derecha,Nobsa
97314,Recta,Guateque
97315,Curva Derecha,Tenza
97316,Curva Derecha,Puerto Boyacá
97317,Curva Derecha,Ráquira
97318,Curva Izquierda,Duitama
97319,Curva Derecha,Tibasosa
97320,Curva Derecha,Garagoa
97321,Curva Derecha,Monguí
97322,Curva Derecha,Chiquinquirá
97323,Recta,Paipa
97324,Curva Izquierda,Duitama
97325,Recta,Sutamarchán
97326,Curva Izquierda,Tibasosa
97327,Curva Izquierda,Villa de Leyva
97328,Curva Derecha,Paz de Río
97533,Recta,Guateque
97475,Recta,Tenza
97476,Recta,Tibasosa
97477,Curva Derecha,Tunja
97478,Recta,Chiquinquirá
97479,Recta,Ráquira
97480,Curva Izquierda,El Cocuy
97481,Curva Izquierda,Guateque
97482,Recta,Paipa
97483,Recta,Sutamarchán
97484,Recta,Guateque
97485,Recta,Villa de Leyva
97486,Recta,Paipa
97487,Recta,Chita
97488,Curva Izquierda,El Cocuy
97489,Recta,Sogamoso
97490,Recta,Sogamoso
97491,Recta,Nobsa
97492,Recta,Miraflores
97493,Recta,Saboyá
97494,Recta,Monguí
97495,Recta,Puerto Boyacá
97496,Recta,Ráquira
97497,Recta,Monguí
97498,Curva Derecha,Tibasosa
97499,Curva Derecha,Chiquinquirá
97500,Curva Derecha,Guateque
97501,Curva Derecha,Paz de Río
97502,Curva Derecha,Zetaquira
97503,Recta,El Cocuy
97504,Recta,Guateque
97505,Recta,Moniquirá
97506,Recta,Sutamarchán
97507,Recta,Tibasosa
97508,Recta,Saboyá
97509,Recta,Sutamarchán
97510,Curva Derecha,Miraflores
97511,Recta,Chita
97512,Recta,Tunja
97513,Curva Derecha,Paipa
97514,Recta,Paipa
97515,Recta,Saboyá
97516,Recta,Ráquira
97517,Curva Derecha,Duitama
97518,Recta,Moniquirá
97519,Recta,Saboyá
97520,Curva Derecha,Miraflores
97521,Recta,Chita
97522,Curva Izquierda,Zetaquira
97523,Curva Derecha,Monguí
97524,Curva Izquierda,Monguí
97525,Recta,Paz de Río
97526,Recta,Soatá
97527,Recta,Villa de Leyva
97528,Recta,Puerto Boyacá
97529,Recta,Soatá
97530,Recta,Duitama
97531,Recta,Tibasosa
97532,Recta,Monguí
97534,Recta,Zetaquira
97535,Recta,Nobsa
97536,Recta,Guateque
97537,Recta,Guateque
97538,Recta,Puerto Boyacá
97539,Recta,Moniquirá
97540,Curva Derecha,Villa de Leyva
97541,Curva Izquierda,Tenza
97542,Recta,Zetaquira
97626,Curva Derecha,Sutamarchán
97627,Recta,Garagoa
97628,Curva Izquierda,Ráquira
97629,Recta,Chiquinquirá
97630,Recta,Monguí
97631,Recta,Chiquinquirá
97632,Curva Derecha,Miraflores
97633,Curva Izquierda,Zetaquira
97634,Curva Derecha,Soatá
97635,Curva Derecha,Paipa
97636,Curva Izquierda,Garagoa
97637,Curva Derecha,Ráquira
97638,Recta,Monguí
97639,Recta,El Cocuy
97640,Curva Izquierda,Tibasosa
97641,Recta,El Cocuy
97642,Recta,Sutamarchán
97643,Curva Izquierda,Miraflores
97955,Recta,Zetaquira
97956,Recta,Chita
97957,Recta,El Cocuy
97958,Recta,Miraflores
97959,Recta,Duitama
97960,Recta,Paipa
97961,Curva Izquierda,Paipa
97962,Recta,El Cocuy
97963,Recta,Tenza
97964,Recta,Monguí
97965,Recta,Tibasosa
97966,Recta,Guateque
97967,Recta,Sutamarchán
97968,Recta,Guateque
97969,Recta,Tibasosa
97970,Recta,Tibasosa
97971,Curva Izquierda,Chiquinquirá
97972,Recta,Duitama
97973,Curva Izquierda,Duitama
97974,Recta,Sogamoso
97975,Recta,Monguí
97976,Recta,Puerto Boyacá
101910,Curva Izquierda,Saboyá
101913,Curva Derecha,Zetaquira
101914,Recta,Chiquinquirá
101915,Recta,Sutamarchán
101916,Recta,Soatá
101917,Recta,Chiquinquirá
101918,Recta,Soatá
101919,Recta,Paipa
101920,Curva Derecha,Duitama
101922,Curva Derecha,Saboyá
101923,Curva Derecha,Paipa
101925,Recta,Tibasosa
101927,Recta,Tenza
101928,Recta,Zetaquira
101930,Recta,Nobsa
101931,Curva Izquierda,Paipa
101933,Recta,Monguí
101935,Recta,Sutamarchán
101937,Recta,Tibasosa
101940,Recta,El Cocuy
101941,Curva Izquierda,Garagoa
101943,Recta,Ráquira
101945,Recta,Duitama
101947,Curva Derecha,Monguí
101948,Curva Derecha,Saboyá
101951,Recta,Nobsa
101952,Recta,Duitama
101954,Recta,Chiquinquirá
101956,Recta,Tibasosa
106101,Curva Izquierda,Sogamoso
101958,Recta,Tunja
101961,Curva Derecha,Chita
101964,Curva Izquierda,Zetaquira
101967,Curva Derecha,Guateque
101969,Recta,Puerto Boyacá
101970,Recta,Tunja
101971,Recta,Puerto Boyacá
101972,Recta,Zetaquira
101974,Curva Izquierda,Tunja
103290,Recta,Guateque
106100,Recta,Chita
103291,Recta,Miraflores
103292,Recta,Villa de Leyva
103293,Curva Derecha,Miraflores
103294,Recta,Zetaquira
103295,Recta,Villa de Leyva
106095,Curva Derecha,Chiquinquirá
106096,Recta,Zetaquira
106097,Curva Derecha,Moniquirá
106098,Curva Derecha,Chiquinquirá
106099,Curva Derecha,Saboyá
106102,Curva Derecha,Miraflores
106103,Recta,Ráquira
106104,Recta,El Cocuy
106110,Recta,Tunja
106495,Recta,Paipa
107701,Curva Derecha,Saboyá
108895,Curva Izquierda,Duitama
108896,Curva Derecha,Chita
108897,Curva Derecha,Tenza
112100,Curva Derecha,Miraflores
112101,Curva Izquierda,Sogamoso
112102,Recta,Chita
112103,Curva Izquierda,Sutamarchán
112104,Recta,Sogamoso
112105,Curva Izquierda,Miraflores
112106,Curva Derecha,El Cocuy
112107,Curva Izquierda,Soatá
112108,Recta,Chita
112109,Curva Derecha,Paz de Río
112110,Curva Derecha,Chiquinquirá
112111,Curva Derecha,Tenza
112112,Curva Derecha,Chita
112113,Curva Izquierda,Nobsa
112114,Curva Izquierda,Paipa
112115,Recta,Garagoa
112116,Curva Derecha,Duitama
116112,Curva Derecha,Saboyá
116500,Curva Izquierda,Chiquinquirá
116501,Curva Izquierda,Paz de Río
116503,Recta,Zetaquira
116505,Curva Derecha,Moniquirá
116506,Curva Izquierda,Nobsa
116508,Curva Derecha,Soatá
116509,Curva Izquierda,Tunja
116511,Curva Izquierda,Chita
120932,Recta,Sutamarchán
120933,Recta,Ráquira
120934,Recta,Tibasosa
120935,Recta,Monguí
120936,Recta,Moniquirá
120937,Curva Derecha,Chiquinquirá
120938,Recta,Duitama
121308,Recta,Garagoa
122115,Recta,Sutamarchán
122116,Curva Derecha,Saboyá
122117,Recta,Chita
122121,Recta,Miraflores
122124,Recta,Tibasosa
122125,Recta,Monguí
122126,Curva Izquierda,Moniquirá
122521,Recta,Garagoa
122527,Recta,Sutamarchán
122916,Curva Izquierda,Saboyá
135323,Recta,Saboyá
135324,Recta,Zetaquira
135325,Curva Izquierda,Nobsa
135326,Curva Izquierda,Garagoa
135327,Curva Izquierda,Tibasosa
135328,Recta,Chita
136117,Curva Izquierda,Paipa
138138,Curva Izquierda,El Cocuy
138140,Curva Izquierda,Sogamoso
138536,Curva Derecha,Nobsa
139336,Curva Izquierda,Guateque
139337,Recta,Zetaquira
139338,Curva Izquierda,Zetaquira
139339,Recta,Garagoa
139340,Curva Derecha,Moniquirá
139747,Recta,Sutamarchán
139748,Curva Derecha,Monguí
139749,Recta,Paz de Río
139750,Curva Derecha,Zetaquira
139751,Recta,Puerto Boyacá
139752,Curva Izquierda,Nobsa
139753,Recta,Tenza
140141,Curva Derecha,Moniquirá
140142,Recta,Villa de Leyva
140143,Recta,Tenza
140144,Recta,Nobsa
140145,Recta,Saboyá
140146,Curva Izquierda,Sogamoso
140147,Recta,Paipa
140948,Recta,Monguí
140949,Recta,Soatá
140950,Curva Derecha,Ráquira
140951,Recta,Chiquinquirá
140952,Recta,Paipa
141348,Curva Izquierda,Tibasosa
141349,Curva Izquierda,Soatá
141350,Curva Derecha,Ráquira
141351,Recta,Miraflores
142551,Curva Izquierda,Guateque
142552,Curva Derecha,Paz de Río
142553,Recta,Villa de Leyva
142554,Curva Derecha,Moniquirá
142555,Recta,Villa de Leyva
142556,Recta,Saboyá
142557,Curva Derecha,Duitama
142558,Recta,Nobsa
142559,Recta,Moniquirá
142948,Curva Derecha,Sogamoso
142949,Recta,Guateque
142950,Recta,Chiquinquirá
142951,Curva Izquierda,Saboyá
142952,Recta,Ráquira
142953,Curva Derecha,Zetaquira
142954,Curva Derecha,Villa de Leyva
142955,Curva Izquierda,Villa de Leyva
142956,Curva Izquierda,Tibasosa
143348,Curva Izquierda,Villa de Leyva
143349,Curva Izquierda,Villa de Leyva
143350,Curva Izquierda,Zetaquira
143351,Curva Izquierda,Saboyá
143748,Recta,Villa de Leyva
143749,Curva Izquierda,Duitama
144548,Recta,Villa de Leyva
144549,Recta,Nobsa
147749,Curva Izquierda,Chita
147750,Curva Izquierda,Tenza
148149,Curva Derecha,Paz de Río
148150,Curva Izquierda,Nobsa
148151,Curva Derecha,Duitama
148152,Curva Derecha,Villa de Leyva
148153,Recta,El Cocuy
148154,Recta,Nobsa
148155,Curva Derecha,Chiquinquirá
148156,Recta,Tibasosa
148157,Curva Derecha,Sogamoso
148158,Curva Izquierda,Paipa
148159,Curva Derecha,Sutamarchán
148160,Recta,Ráquira
148161,Curva Izquierda,Nobsa
148162,Curva Izquierda,Ráquira
150149,Curva Izquierda,Sogamoso
150150,Recta,Tenza
150151,Recta,Sogamoso
150152,Curva Izquierda,Guateque
150153,Recta,Ráquira
150154,Recta,Chiquinquirá
150155,Recta,Garagoa
151349,Recta,Moniquirá
151350,Recta,Zetaquira
151351,Recta,Saboyá
151352,Recta,Monguí
151353,Curva Izquierda,Nobsa
151354,Recta,Moniquirá
151355,Recta,Miraflores
151356,Recta,Zetaquira
151357,Curva Izquierda,Villa de Leyva
151358,Recta,Sogamoso
151359,Recta,El Cocuy
154951,Curva Derecha,Guateque
154952,Curva Izquierda,Zetaquira
154953,Recta,Ráquira
154954,Recta,Zetaquira
154955,Recta,Moniquirá
154956,Curva Izquierda,Moniquirá
154957,Curva Izquierda,Tunja
154958,Curva Izquierda,Villa de Leyva
154959,Curva Izquierda,Sutamarchán
154961,Curva Izquierda,Guateque
158549,Recta,Guateque
158550,Curva Derecha,Garagoa
158551,Curva Izquierda,Moniquirá
158552,Recta,Soatá
159355,Curva Derecha,Guateque
160154,Curva Derecha,Duitama
160155,Curva Derecha,Paipa
160549,Recta,Moniquirá
160550,Recta,Chiquinquirá
160986,Recta,Paipa
160989,Recta,Sogamoso
160993,Recta,Sogamoso
160995,Curva Izquierda,Guateque
160997,Recta,Miraflores
160999,Recta,Saboyá
161000,Curva Izquierda,Soatá
161001,Curva Izquierda,Paipa
166950,Recta,Sogamoso
166951,Recta,Guateque
166952,Curva Izquierda,Duitama
166953,Curva Derecha,Moniquirá
166954,Curva Izquierda,Villa de Leyva
166956,Recta,Chita
166957,Curva Izquierda,Garagoa
166958,Recta,Moniquirá
171350,Recta,Soatá
171351,Curva Derecha,Duitama
171352,Curva Izquierda,Saboyá
171353,Curva Derecha,Garagoa
171354,Curva Derecha,Miraflores
171355,Curva Izquierda,Paipa
171356,Curva Izquierda,Soatá
171750,Curva Izquierda,Chiquinquirá
171752,Curva Izquierda,Tunja
171753,Curva Derecha,Tibasosa
171755,Curva Izquierda,Saboyá
171757,Curva Izquierda,Tibasosa
171758,Curva Derecha,Chiquinquirá
171759,Recta,Paipa
171773,Recta,Miraflores
172202,Curva Derecha,Tibasosa
172204,Curva Derecha,Tenza
172215,Recta,Paz de Río
172217,Recta,Saboyá
172218,Curva Izquierda,Garagoa
172219,Curva Derecha,Chiquinquirá
172562,Recta,Tunja
172564,Recta,Paipa
172961,Recta,Duitama
172962,Recta,Chiquinquirá
172963,Recta,Soatá
176973,Curva Derecha,Paz de Río
176968,Curva Derecha,El Cocuy
176969,Curva Izquierda,Nobsa
176970,Recta,Moniquirá
176971,Curva Izquierda,Duitama
176972,Curva Izquierda,Garagoa
176974,Curva Derecha,Monguí
176975,Curva Izquierda,Saboyá
176976,Recta,Moniquirá
176977,Curva Derecha,Tibasosa
176978,Curva Derecha,Paz de Río
176979,Curva Derecha,Tenza
176980,Curva Derecha,Soatá
177360,Curva Derecha,Soatá
177361,Curva Izquierda,Duitama
177362,Curva Derecha,Paipa
177364,Recta,Saboyá
177366,Recta,Monguí
177367,Curva Derecha,Nobsa
177385,Recta,Duitama
177386,Recta,Tunja
177387,Recta,Tenza
179364,Curva Derecha,Tunja
179365,Curva Izquierda,Paz de Río
179366,Curva Izquierda,Nobsa
179367,Curva Izquierda,Tibasosa
179781,Recta,Sogamoso
179782,Recta,Duitama
179783,Curva Derecha,Miraflores
179784,Recta,Saboyá
181760,Curva Derecha,Tunja
185361,Recta,Tunja
185761,Recta,Guateque
185762,Recta,Paz de Río
185763,Curva Izquierda,Chiquinquirá
185764,Curva Derecha,Moniquirá
185765,Curva Izquierda,Soatá
185766,Recta,Miraflores
185767,Curva Izquierda,Paipa
186563,Curva Izquierda,Puerto Boyacá
186564,Recta,Moniquirá
186565,Recta,Chita
186566,Recta,Moniquirá
187361,Recta,Moniquirá
187782,Curva Izquierda,Soatá
187783,Curva Derecha,Tunja
187784,Curva Derecha,Ráquira
188962,Curva Derecha,Miraflores
188963,Curva Derecha,Soatá
188964,Recta,Ráquira
192167,Curva Izquierda,Sutamarchán
192168,Recta,Puerto Boyacá
192169,Recta,Soatá
192170,Recta,Monguí
192171,Recta,Sutamarchán
192172,Recta,Sogamoso
192173,Recta,Duitama
192174,Curva Derecha,Miraflores
192175,Recta,Tibasosa
192176,Recta,Chita
192177,Recta,Chiquinquirá
192961,Recta,Sutamarchán
192962,Recta,Sutamarchán
192966,Curva Derecha,Tibasosa
192967,Recta,Guateque
192968,Curva Derecha,Duitama
192969,Curva Izquierda,Miraflores
192970,Curva Izquierda,Sogamoso
192971,Recta,Zetaquira
192972,Curva Izquierda,Zetaquira
192973,Curva Derecha,El Cocuy
192974,Curva Derecha,Nobsa
193362,Curva Izquierda,Tenza
193363,Recta,Saboyá
193364,Recta,Puerto Boyacá
193365,Recta,Tenza
193366,Recta,Saboyá
193367,Curva Izquierda,Nobsa
193369,Recta,El Cocuy
193370,Curva Derecha,Puerto Boyacá
193375,Recta,Paipa
193377,Recta,El Cocuy
193762,Curva Derecha,Zetaquira
193763,Recta,Tenza
193764,Curva Izquierda,El Cocuy
193765,Recta,Soatá
193766,Recta,Chita
194961,Curva Derecha,Chiquinquirá
194962,Recta,Paipa
195761,Curva Derecha,El Cocuy
195762,Recta,Ráquira
199361,Curva Derecha,Garagoa
199362,Recta,Chiquinquirá
200563,Curva Izquierda,Guateque
200567,Curva Derecha,Tibasosa
200962,Recta,Tenza
200963,Recta,Paipa
200964,Curva Izquierda,Duitama
200967,Recta,Ráquira
201361,Curva Izquierda,Moniquirá
201362,Curva Izquierda,El Cocuy
201363,Curva Izquierda,Puerto Boyacá
201364,Curva Derecha,Tenza
201365,Curva Izquierda,Chiquinquirá
201367,Recta,Zetaquira
201368,Curva Derecha,Tenza
201369,Recta,Nobsa
201370,Recta,Nobsa
201371,Curva Izquierda,Soatá
201372,Curva Izquierda,Tibasosa
201373,Curva Derecha,Chita
201374,Curva Izquierda,Tenza
201375,Curva Derecha,Tibasosa
201376,Curva Izquierda,Villa de Leyva
201377,Curva Izquierda,Sutamarchán
201378,Curva Derecha,Ráquira
201379,Curva Derecha,Sogamoso
201380,Curva Derecha,Paipa
201381,Curva Derecha,Puerto Boyacá
201382,Curva Izquierda,Zetaquira
210570,Curva Izquierda,Duitama
212569,Curva Derecha,Tenza
214175,Curva Derecha,Chita
214172,Curva Derecha,Tenza
214174,Curva Izquierda,Paipa
214202,Curva Izquierda,Chiquinquirá
214569,Curva Derecha,Tunja
214571,Curva Izquierda,Tibasosa
214573,Curva Izquierda,Chita
214574,Curva Izquierda,Ráquira
214575,Curva Derecha,Miraflores
214576,Curva Izquierda,Paz de Río
214581,Curva Izquierda,Guateque
214582,Curva Izquierda,Tibasosa
214584,Curva Izquierda,Paz de Río
214585,Curva Izquierda,Paz de Río
214587,Curva Izquierda,Paipa
214589,Curva Izquierda,Tunja
214591,Curva Derecha,Guateque
214593,Recta,Soatá
214596,Curva Izquierda,Sogamoso
214597,Curva Derecha,Tunja
217779,Recta,Soatá
217780,Curva Derecha,Villa de Leyva
230607,Curva Derecha,Soatá
230604,Recta,Sogamoso
230605,Recta,Chita
230610,Curva Izquierda,Sogamoso
230612,Curva Izquierda,Sogamoso
230613,Curva Derecha,Soatá
230614,Curva Derecha,Villa de Leyva
230615,Recta,Guateque
230616,Recta,Tunja
230617,Curva Derecha,Sutamarchán
230618,Curva Derecha,Soatá
230619,Curva Izquierda,Paipa
230622,Curva Izquierda,Tunja
230625,Recta,Garagoa
230627,Curva Derecha,Tenza
241854,Curva Izquierda,Duitama
241855,Curva Izquierda,Chita
241856,Curva Izquierda,Moniquirá
241857,Recta,Guateque
241858,Curva Derecha,El Cocuy
241859,Recta,Monguí
242254,Recta,Guateque
242255,Curva Izquierda,Miraflores
242256,Curva Derecha,Sogamoso
247054,Recta,Chita
247055,Recta,Sutamarchán
257467,Curva Derecha,Guateque
257468,Curva Derecha,Monguí
257469,Recta,Paz de Río
257470,Recta,Paipa
257471,Curva Derecha,Nobsa
257472,Curva Izquierda,Sogamoso
257473,Curva Derecha,Zetaquira
257474,Recta,Chiquinquirá
259875,Curva Izquierda,Paz de Río
259876,Curva Derecha,Paz de Río
259877,Curva Izquierda,Duitama
259878,Curva Izquierda,Puerto Boyacá
259879,Curva Izquierda,Paz de Río
259880,Curva Izquierda,Garagoa
259881,Curva Izquierda,Zetaquira
261472,Recta,Nobsa
261473,Recta,Chita
261474,Recta,Miraflores
261475,Recta,Villa de Leyva
261476,Curva Derecha,Miraflores
261867,Curva Izquierda,Chiquinquirá
261868,Recta,Saboyá
261869,Recta,Guateque
261870,Recta,Sogamoso
263071,Curva Derecha,Paipa
263072,Curva Derecha,Sutamarchán
263073,Recta,Tunja
263074,Curva Derecha,Monguí
263075,Curva Derecha,Tunja
263076,Curva Derecha,Puerto Boyacá
263077,Curva Derecha,Chiquinquirá
263078,Curva Derecha,Soatá
263079,Curva Izquierda,Miraflores
263080,Recta,Zetaquira
263081,Curva Derecha,Tunja
263082,Curva Derecha,Puerto Boyacá
263083,Curva Derecha,Monguí
263467,Curva Izquierda,Saboyá
263468,Curva Izquierda,Duitama
263469,Curva Derecha,Paz de Río
267867,Recta,Saboyá
269090,Recta,Tibasosa
269093,Recta,Nobsa
269094,Curva Derecha,Sogamoso
269095,Recta,Villa de Leyva
269096,Recta,Zetaquira
269097,Curva Derecha,Saboyá
271887,Curva Izquierda,Sogamoso
271888,Recta,El Cocuy
271889,Curva Derecha,Sutamarchán
271890,Curva Derecha,Paz de Río
271891,Recta,Soatá
271892,Recta,Guateque
271893,Recta,Duitama
271894,Recta,Guateque
271895,Recta,Saboyá
271896,Curva Izquierda,El Cocuy
271897,Curva Izquierda,Ráquira
271898,Curva Izquierda,Chiquinquirá
271899,Curva Izquierda,Miraflores
271900,Recta,Chita
271901,Curva Derecha,El Cocuy
271902,Curva Izquierda,Tunja
271903,Curva Derecha,Moniquirá
271904,Recta,Moniquirá
272269,Recta,Miraflores
272270,Curva Derecha,Moniquirá
272272,Curva Derecha,Chiquinquirá
272273,Curva Derecha,Duitama
272276,Curva Izquierda,Sogamoso
272278,Curva Izquierda,Chita
272280,Curva Izquierda,Sutamarchán
272284,Recta,Sutamarchán
272669,Recta,Tunja
272671,Curva Izquierda,Zetaquira
272674,Curva Derecha,Sutamarchán
281868,Recta,El Cocuy
282280,Curva Izquierda,Soatá
282667,Curva Derecha,Duitama
282668,Curva Izquierda,Chita
284667,Curva Derecha,Guateque
284668,Curva Izquierda,Tunja
284669,Recta,Zetaquira
284670,Curva Izquierda,Saboyá
284671,Recta,Guateque
284672,Recta,Zetaquira
285487,Curva Derecha,Soatá
285489,Curva Derecha,Paipa
285490,Recta,Ráquira
285491,Recta,Garagoa
286277,Curva Derecha,Nobsa
286278,Curva Izquierda,Nobsa
286279,Recta,Puerto Boyacá
286667,Recta,Ráquira
286668,Recta,Zetaquira
286671,Recta,El Cocuy
286672,Curva Derecha,Puerto Boyacá
286673,Recta,Tibasosa
286674,Recta,Tibasosa
287067,Recta,Soatá
287068,Recta,Monguí
287069,Recta,Chita
287070,Recta,Villa de Leyva
289070,Curva Izquierda,Garagoa
289071,Recta,Tunja
289072,Recta,Duitama
295067,Recta,Miraflores
295068,Recta,Zetaquira
295069,Recta,Puerto Boyacá
296267,Curva Izquierda,Monguí
296268,Curva Izquierda,Saboyá
296269,Curva Derecha,Villa de Leyva
296270,Recta,Puerto Boyacá
296271,Recta,Sogamoso
296272,Recta,Tenza
296273,Curva Izquierda,Tibasosa
296274,Curva Izquierda,El Cocuy
296275,Curva Izquierda,Garagoa
296276,Curva Izquierda,Moniquirá
296277,Curva Derecha,Tibasosa
296278,Curva Derecha,Monguí
296279,Recta,Ráquira
299878,Recta,Paipa
302279,Curva Derecha,El Cocuy
301470,Recta,Paz de Río
301471,Recta,Nobsa
302278,Curva Izquierda,Sogamoso
305870,Recta,Villa de Leyva
305872,Recta,Chita
305873,Recta,Sogamoso
305874,Recta,Chita
305875,Recta,Miraflores
305876,Curva Izquierda,Miraflores
306267,Curva Izquierda,Nobsa
306667,Curva Izquierda,El Cocuy
306668,Recta,Nobsa
306669,Curva Derecha,Tibasosa
306670,Recta,Ráquira
306671,Recta,Soatá
307067,Recta,Tibasosa
307068,Curva Derecha,Miraflores
307069,Recta,Tibasosa
307469,Curva Izquierda,Moniquirá
307470,Curva Derecha,Paz de Río
307471,Recta,Garagoa
307873,Curva Izquierda,Nobsa
311073,Curva Izquierda,Tibasosa
311074,Curva Izquierda,Paz de Río
311473,Recta,Nobsa
311474,Recta,Nobsa
311475,Curva Izquierda,Duitama
311476,Curva Izquierda,Puerto Boyacá
312673,Recta,Sogamoso
313877,Recta,Chita
313880,Curva Derecha,Tenza
313881,Curva Derecha,Garagoa
313882,Recta,Nobsa
313883,Curva Derecha,Duitama
313884,Recta,Tibasosa
313885,Recta,Zetaquira
313886,Recta,Puerto Boyacá
313887,Recta,Monguí
313888,Curva Derecha,Chiquinquirá
314673,Recta,Monguí
314674,Curva Izquierda,Garagoa
314675,Curva Derecha,El Cocuy
314676,Curva Derecha,Saboyá
314677,Curva Izquierda,Sutamarchán
315083,Curva Izquierda,Chiquinquirá
315084,Curva Izquierda,Guateque
317877,Curva Izquierda,Sutamarchán
321073,Curva Derecha,Chita
321074,Curva Derecha,Paipa
321075,Curva Izquierda,Tibasosa
321076,Curva Izquierda,Chiquinquirá
321873,Curva Izquierda,Moniquirá
333494,Recta,Saboyá
333495,Recta,Chiquinquirá
336683,Curva Derecha,Monguí
337084,Curva Derecha,Garagoa
337484,Curva Derecha,Paipa
340694,Curva Izquierda,Soatá
340695,Curva Izquierda,Chita
340696,Recta,Tunja
340697,Curva Izquierda,Nobsa
340698,Curva Derecha,Sogamoso
340701,Curva Derecha,Tibasosa
341483,Curva Izquierda,Moniquirá
341484,Curva Izquierda,Ráquira
341485,Recta,Paz de Río
341486,Recta,Soatá
341487,Curva Izquierda,Soatá
341488,Curva Derecha,Tunja
343485,Recta,Tibasosa
352297,Curva Derecha,Puerto Boyacá
352706,Curva Derecha,Paipa
352707,Recta,Garagoa
353104,Curva Izquierda,Puerto Boyacá
353105,Curva Izquierda,El Cocuy
353106,Recta,Chita
353107,Recta,Duitama
353501,Curva Izquierda,Paz de Río
353502,Curva Derecha,Monguí
353504,Curva Izquierda,Paz de Río
353505,Curva Izquierda,Nobsa
353506,Curva Izquierda,Chiquinquirá
353508,Recta,Monguí
353892,Recta,Monguí
353894,Curva Izquierda,Duitama
355092,Curva Izquierda,Sogamoso
355093,Recta,Guateque
355094,Curva Izquierda,Puerto Boyacá
355095,Recta,Guateque
355096,Recta,Nobsa
355492,Recta,Paz de Río
363492,Recta,Tenza
373492,Recta,Nobsa
379111,Recta,Soatá
379112,Curva Derecha,El Cocuy
379115,Curva Derecha,Chita
379517,Curva Derecha,Tunja
381492,Recta,Nobsa
381493,Curva Derecha,Chita
381494,Curva Derecha,El Cocuy
381495,Curva Izquierda,Paz de Río
381506,Recta,Monguí
381892,Curva Derecha,Monguí
381893,Curva Izquierda,Puerto Boyacá
382292,Curva Izquierda,Duitama
382714,Curva Derecha,Miraflores
384294,Curva Izquierda,Paipa
384295,Recta,Chiquinquirá
384296,Recta,Zetaquira
384302,Recta,Nobsa
384694,Curva Derecha,Saboyá
384695,Curva Izquierda,Sogamoso
384696,Curva Derecha,Soatá
384697,Recta,Sutamarchán
384698,Curva Izquierda,Duitama
384706,Recta,Paz de Río
384707,Recta,Sutamarchán
384708,Recta,Puerto Boyacá
386692,Curva Derecha,Saboyá
391092,Recta,Garagoa
391093,Recta,Paz de Río
391094,Recta,Miraflores
391095,Curva Derecha,Soatá
391096,Recta,Paz de Río
391097,Curva Derecha,Chita
391098,Curva Derecha,Paz de Río
391492,Recta,Zetaquira
391493,Curva Derecha,Zetaquira
391494,Recta,Puerto Boyacá
391495,Recta,Soatá
391496,Recta,Chita
391497,Curva Izquierda,Ráquira
391498,Recta,Paipa
402712,Curva Izquierda,Sogamoso
402713,Curva Derecha,Chiquinquirá
402714,Curva Derecha,Tunja
402715,Recta,Paipa
402716,Curva Derecha,Moniquirá
402717,Curva Izquierda,Paipa
402718,Curva Izquierda,Duitama
403098,Recta,Garagoa
403099,Curva Izquierda,Chiquinquirá
403100,Recta,Chita
403101,Curva Izquierda,Zetaquira
403102,Curva Derecha,El Cocuy
403103,Curva Derecha,Paipa
403104,Curva Izquierda,Moniquirá
403105,Recta,Soatá
403106,Recta,Tunja
404292,Recta,Miraflores
406305,Recta,Chita
406309,Recta,Villa de Leyva
409113,Curva Izquierda,Soatá
409114,Curva Derecha,Garagoa
409115,Recta,Paipa
409117,Curva Derecha,Sutamarchán
409119,Curva Izquierda,Soatá
409120,Curva Derecha,Paz de Río
409122,Curva Izquierda,Paz de Río
409525,Recta,Guateque
409516,Curva Derecha,Villa de Leyva
409517,Recta,Ráquira
409518,Recta,Guateque
409519,Curva Izquierda,Paz de Río
409522,Curva Izquierda,Soatá
409526,Recta,Soatá
411899,Curva Izquierda,Guateque
411896,Recta,El Cocuy
411897,Curva Derecha,Tibasosa
411900,Curva Izquierda,Paipa
411901,Recta,Chiquinquirá
412295,Curva Derecha,Ráquira
412296,Curva Izquierda,El Cocuy
412297,Curva Derecha,Tunja
412298,Recta,Sogamoso
412300,Curva Izquierda,Paipa
412301,Curva Derecha,Guateque
412302,Curva Izquierda,Nobsa
412304,Curva Derecha,Garagoa
421500,Curva Derecha,Garagoa
424707,Recta,Saboyá
425112,Recta,Duitama
425492,Curva Izquierda,Soatá
427492,Curva Izquierda,Puerto Boyacá
427493,Recta,Chiquinquirá
427494,Recta,Tenza
427495,Recta,Ráquira
427497,Curva Derecha,Garagoa
427500,Recta,Puerto Boyacá
427892,Curva Izquierda,Sutamarchán
427893,Curva Derecha,Puerto Boyacá
427894,Recta,Soatá
427896,Curva Izquierda,Zetaquira
429892,Recta,Miraflores
430694,Curva Derecha,Chiquinquirá
430695,Curva Izquierda,Monguí
430696,Recta,Ráquira
430697,Recta,Chiquinquirá
430698,Recta,Nobsa
431093,Recta,El Cocuy
431094,Curva Izquierda,Paipa
431095,Curva Derecha,Villa de Leyva
431096,Curva Derecha,Miraflores
431097,Recta,Paipa
440294,Curva Derecha,Ráquira
440296,Recta,Chita
440297,Recta,Duitama
440302,Curva Derecha,Tibasosa
442301,Recta,Puerto Boyacá
440305,Curva Derecha,Sutamarchán
440307,Recta,Sogamoso
440695,Recta,Tibasosa
440697,Recta,Puerto Boyacá
440698,Curva Izquierda,Tunja
440699,Curva Izquierda,Ráquira
440700,Curva Izquierda,Tenza
440701,Curva Izquierda,Soatá
440702,Recta,Soatá
440703,Curva Derecha,Monguí
440705,Recta,Monguí
440706,Curva Derecha,Monguí
440707,Curva Derecha,Garagoa
441099,Curva Izquierda,Monguí
441101,Recta,Villa de Leyva
441103,Recta,Sogamoso
441105,Recta,Zetaquira
442700,Recta,Tenza
443492,Curva Derecha,Sutamarchán
446303,Curva Izquierda,Saboyá
446697,Curva Izquierda,Chiquinquirá
447095,Curva Derecha,Zetaquira
447096,Recta,Garagoa
447097,Curva Izquierda,El Cocuy
447493,Recta,Guateque
447895,Curva Derecha,El Cocuy
447896,Recta,Garagoa
447897,Curva Izquierda,Saboyá
447898,Curva Derecha,Nobsa
447899,Curva Izquierda,Zetaquira
447901,Curva Derecha,Soatá
447902,Curva Izquierda,Sogamoso
448292,Recta,Tenza
448296,Curva Derecha,Paz de Río
448297,Curva Derecha,Tunja
448301,Recta,Ráquira
448302,Curva Derecha,Soatá
448303,Curva Izquierda,Paipa
448304,Curva Derecha,Tenza
448306,Curva Derecha,Nobsa
457096,Recta,Nobsa
457098,Curva Izquierda,Saboyá
457494,Recta,Miraflores
457495,Recta,Tibasosa
457498,Recta,Sogamoso
457501,Curva Derecha,Ráquira
458314,Curva Derecha,Puerto Boyacá
458707,Curva Derecha,Garagoa
458708,Recta,Duitama
458709,Curva Izquierda,El Cocuy
458710,Recta,Chita
459112,Recta,Paz de Río
459113,Recta,Puerto Boyacá
459114,Recta,Chiquinquirá
459115,Curva Derecha,Garagoa
459494,Recta,Villa de Leyva
459495,Curva Derecha,Tunja
459496,Curva Izquierda,Garagoa
459894,Curva Izquierda,Chiquinquirá
459895,Curva Izquierda,Zetaquira
459896,Curva Derecha,Ráquira
462704,Curva Izquierda,Paz de Río
462705,Curva Izquierda,Chiquinquirá
462706,Curva Derecha,Paz de Río
462707,Recta,Garagoa
462708,Curva Derecha,Monguí
462709,Curva Derecha,Puerto Boyacá
462710,Recta,Garagoa
462716,Recta,Soatá
462718,Recta,Nobsa
462719,Recta,Duitama
462720,Curva Derecha,Guateque
463101,Curva Derecha,Nobsa
463102,Curva Izquierda,Puerto Boyacá
463103,Curva Derecha,Chiquinquirá
463104,Curva Derecha,Ráquira
463105,Recta,Tenza
463106,Curva Derecha,Monguí
463107,Recta,Nobsa
463108,Recta,Guateque
463109,Curva Izquierda,Chiquinquirá
463110,Curva Izquierda,Duitama
463111,Curva Izquierda,Tenza
463113,Curva Izquierda,Saboyá
463494,Curva Izquierda,Paz de Río
465503,Recta,Chiquinquirá
469094,Curva Derecha,Chiquinquirá
469097,Curva Izquierda,Moniquirá
469098,Recta,Chiquinquirá
469100,Curva Izquierda,Villa de Leyva
469101,Recta,Zetaquira
469103,Recta,Zetaquira
469104,Curva Derecha,Miraflores
469494,Curva Derecha,Tenza
470694,Recta,Guateque
470695,Curva Derecha,Garagoa
470696,Curva Derecha,Guateque
470697,Curva Derecha,Tunja
470698,Curva Izquierda,Sogamoso
470699,Curva Derecha,Sogamoso
470700,Curva Izquierda,Guateque
470701,Curva Izquierda,Chiquinquirá
470702,Recta,Tibasosa
470703,Curva Derecha,Soatá
470704,Curva Izquierda,Garagoa
470706,Curva Derecha,Sutamarchán
470708,Curva Derecha,Sogamoso
470709,Curva Izquierda,Paipa
470711,Curva Derecha,Sutamarchán
470712,Curva Derecha,Tibasosa
470714,Curva Derecha,Chita
470722,Curva Derecha,Garagoa
471094,Recta,Tenza
471095,Curva Derecha,Ráquira
471096,Curva Derecha,Tenza
471097,Curva Derecha,Tenza
471098,Curva Izquierda,Tunja
471099,Curva Izquierda,Puerto Boyacá
471100,Curva Derecha,Sutamarchán
471101,Curva Izquierda,Garagoa
471102,Curva Derecha,Chita
471103,Recta,Ráquira
471104,Recta,Sogamoso
471109,Curva Izquierda,Chiquinquirá
471110,Curva Izquierda,Zetaquira
471112,Curva Derecha,Saboyá
471113,Curva Izquierda,Zetaquira
471114,Curva Derecha,Sogamoso
471115,Recta,Soatá
471120,Curva Izquierda,Zetaquira
471121,Curva Derecha,Guateque
471122,Curva Izquierda,Chiquinquirá
472351,Curva Derecha,Chita
472352,Curva Izquierda,Sutamarchán
472353,Recta,Miraflores
472354,Curva Derecha,Tenza
472355,Curva Derecha,Paz de Río
472356,Curva Derecha,El Cocuy
472357,Recta,Soatá
472358,Recta,Sutamarchán
472359,Recta,Monguí
472369,Curva Izquierda,Tunja
472370,Curva Izquierda,Nobsa
472372,Curva Izquierda,Zetaquira
472375,Curva Izquierda,Duitama
473500,Curva Izquierda,Guateque
473894,Curva Izquierda,El Cocuy
473895,Recta,Ráquira
473896,Recta,Tunja
473897,Recta,Puerto Boyacá
473898,Curva Derecha,Soatá
474294,Recta,Ráquira
474295,Curva Izquierda,Tenza
474296,Recta,Guateque
474301,Recta,Zetaquira
474302,Curva Derecha,Soatá
474304,Curva Derecha,Sogamoso
474307,Recta,Paipa
474308,Curva Izquierda,Tenza
474695,Recta,Moniquirá
474697,Recta,Ráquira
478694,Curva Izquierda,Chita
479094,Recta,Puerto Boyacá
479097,Recta,Nobsa
479099,Curva Derecha,Tenza
479102,Curva Izquierda,Tibasosa
479103,Recta,Puerto Boyacá
479104,Curva Izquierda,Ráquira
479494,Curva Izquierda,Duitama
479495,Curva Derecha,Monguí
479496,Curva Izquierda,Sogamoso
480294,Curva Izquierda,Tenza
480694,Recta,Zetaquira
480695,Recta,Tenza
480696,Recta,Sutamarchán
480698,Recta,Sogamoso
481094,Curva Derecha,Tunja
481095,Recta,Tibasosa
481096,Recta,Zetaquira
481098,Curva Izquierda,Nobsa
482294,Curva Derecha,El Cocuy
482295,Curva Izquierda,Sutamarchán
482296,Curva Izquierda,Guateque
482297,Curva Izquierda,Tunja
482694,Curva Izquierda,Chita
482695,Curva Izquierda,El Cocuy
482696,Curva Izquierda,El Cocuy
483096,Curva Derecha,Ráquira
483099,Recta,Garagoa
483100,Curva Izquierda,Villa de Leyva
483101,Recta,Moniquirá
483494,Curva Derecha,Saboyá
483496,Curva Izquierda,Guateque
483497,Curva Izquierda,Tunja
483498,Curva Izquierda,Paipa
494704,Recta,Sutamarchán
496703,Curva Izquierda,Puerto Boyacá
497103,Recta,Sogamoso
497109,Curva Izquierda,El Cocuy
497110,Curva Derecha,Puerto Boyacá
497503,Curva Izquierda,Moniquirá
497506,Curva Derecha,El Cocuy
497507,Curva Derecha,Soatá
497508,Curva Izquierda,Chiquinquirá
497509,Curva Derecha,Paipa
497510,Curva Derecha,Nobsa
497903,Recta,Sogamoso
498704,Recta,El Cocuy
498705,Curva Izquierda,Zetaquira
498706,Recta,Puerto Boyacá
499103,Recta,Garagoa
499503,Curva Derecha,Tenza
499505,Curva Izquierda,Sogamoso
499506,Recta,Duitama
499507,Curva Derecha,Ráquira
499509,Curva Izquierda,Moniquirá
499510,Recta,Paz de Río
499511,Recta,Sogamoso
499512,Curva Derecha,Guateque
499908,Curva Derecha,Monguí
499911,Recta,El Cocuy
499912,Curva Izquierda,Chiquinquirá
505103,Recta,Monguí
509903,Curva Izquierda,Tunja
509904,Recta,Puerto Boyacá
515904,Recta,Ráquira
515905,Curva Derecha,Paz de Río
515906,Curva Derecha,Ráquira
515907,Curva Izquierda,Villa de Leyva
515908,Curva Derecha,Duitama
515909,Curva Derecha,El Cocuy
515910,Recta,Nobsa
515911,Recta,Sogamoso
516708,Recta,Nobsa
516709,Recta,Soatá
516710,Curva Derecha,Garagoa
516711,Curva Derecha,El Cocuy
517103,Curva Derecha,Duitama
517104,Recta,El Cocuy
517106,Recta,Miraflores
517109,Curva Izquierda,Chiquinquirá
517110,Recta,Soatá
517111,Recta,Sogamoso
519106,Curva Derecha,Saboyá
519108,Curva Izquierda,Sogamoso
519503,Curva Derecha,Soatá
519504,Recta,Monguí
519506,Curva Izquierda,Sogamoso
519903,Curva Izquierda,Duitama
519904,Curva Derecha,Villa de Leyva
522303,Curva Izquierda,Chita
523103,Curva Derecha,Nobsa
523507,Curva Izquierda,Garagoa
523905,Curva Derecha,Sutamarchán
523906,Curva Izquierda,Tunja
523907,Recta,Soatá
523909,Curva Derecha,Duitama
523910,Curva Izquierda,Tenza
523911,Curva Derecha,Zetaquira
524306,Curva Izquierda,Soatá
524704,Curva Izquierda,Garagoa
525103,Curva Derecha,Guateque
529111,Curva Izquierda,Monguí
530304,Recta,Chiquinquirá
530308,Curva Izquierda,Chiquinquirá
530310,Recta,Tenza
530311,Curva Derecha,Sogamoso
530708,Recta,Guateque
533106,Recta,Guateque
533903,Curva Derecha,Tunja
534303,Recta,Duitama
535104,Recta,El Cocuy
539103,Recta,El Cocuy
539104,Curva Izquierda,Tenza
539105,Curva Derecha,Ráquira
539106,Curva Derecha,Paz de Río
539107,Recta,Tibasosa
539108,Recta,Chita
539504,Recta,Sutamarchán
539505,Curva Derecha,Tibasosa
539506,Curva Derecha,Tenza
539507,Curva Derecha,Nobsa
539508,Curva Izquierda,Moniquirá
539509,Curva Derecha,Paz de Río
539510,Recta,El Cocuy
539511,Recta,Paipa
548303,Recta,Soatá
549103,Recta,Paipa
549104,Curva Derecha,Tenza
549105,Curva Izquierda,Tibasosa
549106,Curva Izquierda,Sogamoso
549107,Curva Derecha,Puerto Boyacá
549109,Recta,Tenza
549110,Curva Derecha,Saboyá
549111,Curva Izquierda,Miraflores
549112,Curva Derecha,Puerto Boyacá
549505,Curva Izquierda,Guateque
549507,Curva Derecha,Duitama
549509,Curva Derecha,Ráquira
549510,Curva Izquierda,El Cocuy
554703,Recta,Guateque
556306,Recta,El Cocuy
557503,Curva Derecha,Garagoa
557504,Curva Izquierda,Garagoa
557505,Curva Derecha,Chiquinquirá
557506,Curva Izquierda,Puerto Boyacá
557507,Curva Derecha,Moniquirá
557903,Curva Izquierda,Paipa
557904,Curva Izquierda,Zetaquira
557905,Curva Derecha,Saboyá
557907,Curva Izquierda,Duitama
557909,Curva Izquierda,Tunja
557910,Recta,Garagoa
557913,Curva Izquierda,Soatá
557916,Curva Derecha,Tibasosa
558304,Curva Derecha,Villa de Leyva
558305,Curva Derecha,El Cocuy
558308,Curva Derecha,Duitama
558309,Curva Izquierda,El Cocuy
558311,Curva Izquierda,Puerto Boyacá
558313,Curva Derecha,Puerto Boyacá
558315,Curva Izquierda,Ráquira
565917,Curva Derecha,Chiquinquirá
563904,Recta,Soatá
563905,Recta,Tibasosa
565906,Curva Izquierda,Nobsa
565907,Curva Izquierda,Ráquira
565908,Curva Izquierda,Chita
565909,Curva Izquierda,Duitama
565910,Curva Izquierda,Zetaquira
565911,Curva Derecha,Monguí
565912,Recta,Tenza
565913,Recta,Sutamarchán
565914,Curva Derecha,Moniquirá
565915,Curva Derecha,Sogamoso
565916,Curva Derecha,Miraflores
